Text,Label
"I have been undercharging my work and people are still furious because I'm ""charging too much"" ""not being honest (because smaller sizes are not as detailed as bigger and more expensive portraits)"" and ""click baiting them"" because I told them that I'm giving discounts on my most expensive works. I have given out free pet portraits to people who lost their pets. I have offered discounts, sold my work for as cheap as possible and people are still angry about every damn thing. I pay 10% of my earnings for currency conversion and PayPal, 12% tax and then there's shipment that I usually don't charge because people get furious about that too. What am I earning? Not even 20 bucks. It's not worth it. I think I'm going to stop painting altogether. ",reaction
"I know it can be easy to get into the habit of undercharging. I actually once sold an artwork for 1.3k and was really excited and proud of myself but as soon as the buyer bought he said flat out, “Your time is worth FIFTY DOLLARS AN HOUR. I STOLE that painting from you” so that I would realize I was actually STILL undercharging a little, as this particular drawing took me 67 hours and $400 in materials. I was definitely profiting far above minimum wage so I was happy anyway but… he wanted to teach me something as he’s a businessman who sells tuxedos for 2k each so probably this is a bad example. A better example would be when I sold a nearly photorealistic 18x24 for $50, which obviously sucked and I’m never doing THAT again",analysis
“Sorry you can’t afford my work! Good luck!”,hot-take
20 bucks and they are complaining?  Lol why let them waste your time?,reaction
"People will always whine. Stop listening to them. Being so cheap is attracting cheapskates. 

I see someone asked if you gave an Etsy shop- you should give that a try, not trying to get customers on Reddit which skews young.",hot-take
"I agree with people who say your work is phenomenal. I've been making a living as an artist for over 50 years, and the art market keeps evolving...but people who can do what you do are always in demand. Follow dog-related events, join art associations and enter juried exhibits. Showing your work at fairs and festivals probably would not get you the kind of money you'll want, but it could be a start. Giving out your business card isn't enough. What you want is THIER info, so you can build your mailing list. Bring a guest book and ask people if they would like to be on your mailing list. For building your mailing list, you could even bring your supplies to a dog park (in an expensive neighborhood) and talk to people who come up to you. Then send out a regular mailing about your latest work, lessons and workshops you're offering (you can make good money on workshops..most artists make $3000 for a weekend workshop) use Mailchimp, it's free...squarespace has a free website template where you can sell things... you got this! Go for it!",analysis
"If you charge what you're worth from the start you'll find less people will bother trying to take advantage. Stop doing free portraits (unless it's gifts for people you love). Say no. Just no. You are skilled. You will wind up overworking yourself for nothing. I charge $280 for my smallest pastel portraits. And I only bother with clients within my country. I get 50% non refundable before starting with the balance on completion. I don't get any complaints or people trying to scam. I assume because I'm very clear in my terms and don't stand for any shit. People aren't doing me a favour by hiring me. *I'm* doing them a favour by taking their commission. Yeah I still get nft requests and the ""draw my daughters dog for $300"" scammers but I don't give them any time. Immediately report and block. You have to stand up for yourself and your art or you'll keep getting treated like crap.",analysis
"You should raise your price at least twice as much as it's custom work or triple. That way you can work on promoting it like you are now and build up your reputation.   It seems like when you cheapen your pieces monetarily, you get cheap clients too.",hot-take
"I have some thoughts for You that I wish I learned way earlier in my own career. 

Think more in terms of business. And depersonalize your art. If it works. Do more, if it doesn't. Do less. Make small bets, small projects that aren't the most time consuming. Bc time is your most important  resource.

It's important to find your niche. Seems like you have it, now you need to find who wants your work. 

I heard this on a business podcast - why do robbers rob banks? Because it's where all the money is. 

Go to where your audience is. And share the work. If they like it. The market will respond. If they don't. Adjust and try again. The example they gave was a girl that painted horses really well like really really good, and couldn't sell anything. Zero sales. 

A mentor told them to set up an easel and paint horses near this specific area. It was a trail head or something that horse riders frequent. People saw the paintings, and wanted to buy paintings of their horses. And she got a ton of commissions. 

Because A. People that own horses - have money, because horses are expensive. 
And B. they also want nice things especially if they relate to their expensive hobby. Surprise surprise. 

Find your audience.

I would suggest everyone here who's struggling with their art to watch this keynote speech by Seth Godin -  [Your Job is to make Art. ](https://m.youtube.com/watch?v=rdUeq09cGJ0) If you're paying attention, I think it will be some of the most rewarding 45 minutes you've spent on the Internet.",analysis
"You should look at someone like this and just build out exactly what she has. Insta. Squarespace. She clearly uses Insta as a central hub. 

https://www.instagram.com/jen_art

Stop giving art away to strangers.",hot-take
"Your work is absolutely amazing! You’re definitely undercharging. Charge more and offer payment plans, I’ve learned that they work great.",reaction
I can't imagine selling anything handmade for 20 bucks. Then again I wouldn't expect to be able to buy anything for 20 bucks either. Are we speaking about digital art or something like oil on canvas?,reaction
"Stop selling yourself so cheap, it's a waste of time and an insult to yourself.

Your work is clearly at the level of a skilled professional so charge skilled professional prices, don't let others bully you into charging less. If people don't want to pay your rate that's a 'them' problem not a 'you' problem.

At an absolute minimum you should be charging $25 an hour, realistically I think at your skill level $30 or $35 an hour would make more sense.

  
Looking at your posting history I'm sure you must be fed up of people saying to charge more but you are very skilled artist asking for pocket money wages for high quality professional work.",analysis
"Charge more.

People are WILLING to pay for your work. Bitching about price is the barter game. It's just a game. Don't take it seriously or personally, as hard as that may be. You have emotion invested in your work. Your customers view your work as a product. When they complain, ignore it if you can, or deadpan ask them if they are taking a pass. Reply that you have other buyers who WILL pay your asking price.

And YES charge for shipping and handling. You are a professional whose time is in demand. 

With regards to time and money as a self employed person, you spend a third of your time doing the work, a third finding more work,  and a third trying to get paid for the work you have already done. And it is WAY more rewarding than trading your time to make money for someone else.",analysis
"Honestly, I think the answer is to charge even more. Completely scare away the people who think they can get art for cheap. That whole audience- people who try to find the lowest cost portrait- is not worth dealing with. Your work is gorgeous and is worth a higher price point. I sell a lot of originals, and I get fewer complaints the higher I go. It is a luxury item and it's ok to price it as such.",reaction
$300 minimum for your pet portraits. Your work is exceptional!,hot-take
"I'm going to be a bit harsh here. You undervalue yourself, & you let your clients undervalue you, as well, and you want to quit, because of it. I'm sorry, but that just sounds so silly. Your work is incredible! You understand that you're undercharging your work, but to offer discounts, free work and to continue being so accommodating. It sounds like you're a very kind, understanding person and your heart is in the right place. 

Unfortunately, business can't always be so kind, as you are. A lot of people drop pleasantries with money and sometimes you'll end up with people who will take advantage of things like being able to lie about a shipment not making it to them for refunds. 

I'm sorry that you've attracted clients that don't value your work or you as a person. I personally would recommend drawing a boundary with your business. Stay firm on your decisions, draw crisp lines between what is acceptable business for you. If there's a reason for charging less (wanting to be affordable to people poorer), than fine, but *boundaries*! If it's a self confidence issue that you think you can't charge more, I think you have a bunch of artists already in this thread chiming in that you have the talent and you should charge more! Consider expanding where you do business, charging more for your work, and reevaluating boundaries. 

If you say ""the customer pays for shipping"" so be it. If you say, ""Pay me in my preferred currency"", so be it. You set the rules for your work, not the clients. They're not the ones running your business. It's okay to be a little more selfish and to be more confident that your pieces will sell at a higher price.",hot-take
"One thing I had to really work on is accepting that the people around me who can't afford to pay my rates *aren't my customers* even if they *are my friends*. My customers are the people who don't have to complain to pay me what I need to make my work worthwhile. Once I figured that out, it was easier to see that the frustrations people expressed about my prices were actually just fronts for their own frustrations about not making enough money to buy the things they want.",reaction
"Your pet portraits are wonderful. You are definitely under charging. Have you tried Etsy?  Keep in mind that you need to factor in your time, cost of materials,  taxes, any fees,, and charge customers for shipping.  You are not obligated to do free portraits for those who have lost their pets. Unfortunately, people will take advantage if you let them.",analysis
"Your art is great! Don't undercharge yourself, I cannot even touch that amount of realism and if I could I'd charge much more based on time and skill alone.  Raise your prices, yeah you may lose some people but you'll gain more quality ones and heck, If push comes to shove if you can do a cat I might offer mine lol. Keep your head up, it's what you do after you realized you made a mistake that counts.",reaction
"So it's a really tricky one

Undercharging actually hurts other artists too, because it perpetuates the idea that art is cheap and easy when it's not.

The only way for us artists to get paid more is to ask for more. Though when starting out it IS hard.",hot-take
"Ditch the cheapass clients and a LOT of that drama goes away.

Btw, one BIG thing a lot of people don't realize is that price itself is a huge part of your marketing and branding.

Cheap work attracts cheap shitty clients that think they can walk all over you. ""Premium"" priced work weeds out most of those shitty clients AND helps attract more premium clients because you've let them know your work is worth their money and premium clients don't want to buy cheap stuff.",hot-take
"When selling art you have to look for signs that tell you if you're setting the prices well or not. If you get a good amount of traction but all they do is complain about the prices, and you find yourself not having the issue resolved by lowering the price, then you are usually taking the wrong action. Usually people who don't draw don't know how much work it goes into this craft, those will always conplain but people who have commissioned artists usually know it better and they just find someone in their price range. 

Set the price higher. Compare what people with similar skill to you charge and adjust the pricing accordingly.

Then you have to keep in mind this: If you get too many people interested, that's a sign that you should up the pricing. If your customer number is too low, you set it lower. But first and foremost, don't let your customers tell you what you should do; they are customers. The really bad ones will try to get what they want by any means, this includes lying to you or undervaluing your work because you will bend under the pressure and they get whay they want to have that way. Look at what other artists do, they have a similar experience and if they mean well they will give you good tips.

But that's not how art commissions work, you set a price and they have to deal with it because, well, art comissions aren't a necessity but a luxury to afford as you comission people who are qualified - that have a skill and give you a custom piece of art. Commissioned/custom pieces are supposed to be expensive, look at prices of custom cosplays, furniture and so on, the price will ALWAYS be much higher because the making is very time consuming and it requires skill. It's not a machine made copy, it's unique.",analysis
"Honestly,  if you stop under charging, you'll do better. You'll have less clients, but they will be the type of clients who respect what you do. 

Someone who gets a discount and still wants to say you are over charging,  or that they know how easy something is doesn't respect your work. If they don't respect it, they don't need to have it.",hot-take
People complain about ai. But in my experience Artists undercharging (or undercutting) is what killed the commercial arts market. Some idiots always willing to do it for 'fun'.,hot-take
"I was attacked in a Facebook art group for saying undercutting hurts all artists. I was told I have no talent and I was just jealous of the idiot who was trying to charge $10 for a pet portrait. She was enraged when I told her to charge what she's worth. There's no winning with some people. The more my prices go up, the more work I sell.",reaction
"Art groups are a waste of time unless you see people like James Gurney posting there. They don't, because they know it's a waste of time.",hot-take
Espcially commercial stuff. Whe. Working for companies all they are doing is making someone else rich. This doing it for the pleasure is such pathetic BS. Are we told art is a worthless commodity or did we do it to ourselves!,hot-take
"There is one thing about selling your work cheap, it's the same for a lot of things, not only art.
When you sell for cheap, with discount on top, you will attract a specific crowd. Its people that you describe. They will constantly complain, and b*tch about price, quality, whatever.
So its always a bad idea to underprice whatever you are selling. You want better clients, rise your prices. And tell anyone who says that its too much, to go and earn more money, or piss off.",hot-take
Don’t stop. Just demand more money and do not listen to them. You gotta live. You need to earn money. Tell anyone to step off if they bitch. People will shame you into working fr free if you let them.,hot-take
I just went and looked thru you profile — you are WAY undercharging my friend! I charge 125-175 for an ink pet portrait thats a lot less detailed than your work (and btwn 5-7 inches square) You’re underselling yourself at less than 200-250 tbh.,analysis
"Ignore them, they’re just nutters looking for something cheaper than what it’s worth. You get it in almost every business. Keep charging at what price you think is right for your current situation",hot-take
">What am I earning? Not even 20 bucks.

What are you doing lol? I just saw your paintings on your profile and you really undervalue yourself. 

It's your fault.",reaction
"It's simple for me. I set prices for which it won’t be difficult to part with the art. If people won't take my art for my price, I'd rather keep it for myself.

It's not that you have much more options than that, tbh. You can't force people to appreciate your art, unfortunately. Just limit interaction with those who does.",reaction
"Well stop doing that lol. Seriously, though, at your quality people will pay it.

  
Look at it this way: Right now it takes you 5 clients at $80 to gross $400.

It should only take you one client at your level. So if it takes you 5 times as long to find that one client, you still come out ahead due to shipping costs and the like.",analysis
"ALWAYS charge hourly, at least $25/hr minimum from your quality. You can probably get away with more.

I would absolutely not charge less than $300 for the quality of work that you do.",analysis
"If you charge like it's not worth much, of course it's going to attract clients who think it's not worth much. They're going to be entitled, exhausting pain in the ass-es. Your work is solid, and if you start charging like a professional you'll attract clients who will treat you like one.",hot-take
"Hi! Your artwork is absolutely incredible. Can I suggest potentially setting up an Etsy shop? I think you'd have an easier time finding customers willing to pay your prices, which, by the way, are MORE than fair!",reaction
"You are worth more than that. If you undercharge you're going to attract more people like that because they think they're entitled to art and that it has no value, so they'll seek out artists who are underestimating their value. If you charge a price that can earn you sustainable income and a fair amount per hour it takes you to complete your work, those toxic customers are going to be turned off because you know your value. Those kinda people are always gonna be an issue, but if you find your community and interact with other cool artists you'll be able to improve the quality of your average customer.",hot-take
I have been taking commissions for years and haven't found quality customers yet. Is reddit not the place for quality customers? I don't have any idea where else to look.,reaction
"Fiverr is an option. (Note, you do not actually have to sell your work for five dollars)",hot-take
"I charge $550 for a 6” x 6” oil painting pet portrait. I only open my commissions 2-3 times a year and only have 2-5 spots available (depending on my schedule). They generally sell out within MINUTES of posting. When I started 5 years ago I charged $250 for the same thing, but my work has gotten a lot better and my prices have risen. 

I do NOT give away art! I simply can’t afford to and I don’t have the time to work for free. Giving away art trains your audience that they shouldn’t buy from you, just wait for a giveaway and hope for the best. 

Most of my buyers have come through Instagram and I’ve built a solid audience over the years. If people are complaining about your prices, just remove them as a follower or block them. They’re not going to do anything for you!

Edited to add: you should be charging SO MUCH MORE! Your work is phenomenal! I would increase your prices significantly and start an Instagram or TikTok page. You’ll find your audience eventually and people will start saving up to be able to afford you! Stop devaluing your own work!",analysis
"Ah man. You’re doing soft pastel too- those materials are $$$$

Time to try another tactic to make people want to buy: explain your medium and why it is expensive (pure pigment, no oils, no yellowing, high archival life). Gives a perspective to the buyer that what they’re purchasing is equal to or superior to classic oil paintings. Often a challenge to overcome because oil is held in high regard.

Get yourself out there into real world markets. If you haven’t got a website, I suggest doing so. Your art is professional-level and deserves to be shown off and featured in a curated manner. Business cards- hand them out like they’re candy.",analysis
"I also do  pet portraits, and I’m sorry your clients so far have been so crappy, but if you’re only finding them on Reddit they might just be young. People are nuts about their pets, and they will pay WAY more than you are charging! I think you need to find local clients. Make a nice flyer for your pet portraits, and ask local vet offices if you can put it up. In exchange, offer to do a free portrait of the vet’s own pet.

To figure out your prices, when you do your next portrait, log how many hours it takes you. Pay yourself a living wage commensurate with your education, experience, and quality of work (please consider at least $30/hour). Then add the full cost of materials, shipping, conversion, tax, etc. The total is your new price. 

Standardize pricing based on size and subject matter (ie 11x17” with one dog is x price, adding an additional pet is y price, 18x24” is z price, etc).

But seriously, try to find local clients, or set up a nice Etsy shop and advertise it on Instagram (be sure to build the Etsy fees into your prices). It sounds like you’re dealing with dummies online who have no idea what art is worth, and you’re selling yourself short. People with money will pay for good art.",analysis
"Reddit is like the worst possible place, Twitter, Tumblr, Instagram, and irl stuff are good places, I would recommend being on as many platforms as possible, and consistently posting art and talking with other artists and creators a little bit every day on those platforms",hot-take
"You definitely need to be on Instagram, your quality of work is insane.",reaction
"Ask an Artist podcast will sort you out, start with the first episodes that talk business, pricing, competitions, art fairs.",hot-take
"Real life markets! Have you tried setting up a booth in dog festivals or any events related to pets? Pet owners would pay big money for a hand painting portrait of their fur babies. I saw your portrait works and I think the right people would definitely commission you for a fair price.

Edit: if you do set up a booth in real life markets, it's really helpful if you also have business cards ready so people can always contact you for business.",reaction
"Honestly, if you’re looking for another avenue to sell your art, going to a furry convention’s dealer den may be a good idea! I took a look at your page and your paintings are so lifelike, it’s stunning! I’m confident that other furries would pay good money for your work, and if I had money, I would too ~w~

(Also I know that I’m replying to another person in the comment chain, does OP get a notif too?)",reaction
"Recently there's been a popular reel going around on Instagram condemning those who purchase exclusively from artists who underprice their work. It's described as unethical and predatory, especially when the commissioner is able to afford higher rates but seeks out these kinds of offers. 

I was wondering, what're other people's thoughts on this? I definitely find myself doing this when I see an artist with really cheap rates, so I'm curious and a little anxious. ",reaction
I don't understand this mindset. How are artists who underprice supposed to believe that they can charge fairly if they can't succeed with their current prices? The tip option is there for a reason.,hot-take
"No, if they are underpricing, they are doing so out of desperation and need the attention and monetary gain. I was that unethical teenager doing $5-$10 comms (full body, full color, rendered + extras) because I was homeless and trying to afford a deposit on an apartment.",reaction
"If I know an artist is underpricing, I usually just leave a good tip on top of the comm price. Also, let them know you’d have been willing to pay more! Many newer artists don’t charge higher bc they assume nobody would *pay* higher

But exclusively *seeking* artists who undercharge is… icky, to say the least. ",reaction
"It's not unethical. Definitely just leave a generous tip. In the first place, clients should be assessing if the artist they're choosing can do what they need to be done. Plus, I've found that clients who respect pricing (regardless of how expensive or cheaper it is), are better to work with.

Tangentially, as someone who has local prices and USD prices for international clients, a fear I have is for enterprising clients to try and pretend they're local to avail the cheaper prices (it has not happened so far but I have seen stories of people receiving such clients).

Difference in economies can really affect pricing, like USD has very high purchasing power so a lot of artists from my country can race to the bottom with their pricing. But, on the flipside, if I actually did a 1 to 1 conversion of my international pricing to my local ones, then local clients can not afford my art and I want to keep things accessible to them specifically.",analysis
"As a person living in non-tipping country, what is the reason for tipping someone who names their price? Why isn’t the tip included?",reaction
"I also live in a non-tipping country, jsyk. The thought behind the tip in this case is because you, as the client, felt like you received excellent service and achieved a good output that you want to commend the artist and pay them more to show appreciation.

In this situation, the artist has set a price that they feel is worth their work and so a tip is not included. You might want to consider leaving a tip though if you feel like they didn't charge enough or even if you just appreciate the work a lot.

You don't include tip in the pricing because a tip is a show of appreciation from the client. The client is not obligated to tip at all.",hot-take
Is it unethical for artists to overprice? Because they most certainly do,hot-take
"Wow, I've never heard such nonsense.

If an artist has set a price like that, that's how they value their work. That's all. It's not your responsibility to boost artists' self-esteem. It's no one's responsibility at all, only the artist themselves. I wouldn't pay more either if I could pay less.",hot-take
"No, obviously not. If they're underpricing, they are clearly desperate for someone to commission them. If you feel they undercharge, tip them. ",hot-take
"I support a lot of artists regardless of their commission prices. I don't choose an artist based purely on their price range, the main factor for me is the style the artist draws, and how accurately they can portray my vision/idea. 

There is nothing wrong with it, I usually like to pay a little extra as a tip anyways. And remember, commissioning boosts their visibility which means more people see the work I comm'd from them, and that will in turn bring them more customers.",reaction
This would just be a rich artist complaining that people will buy cheaper art for a similar quality. Thats all,hot-take
They won't succeed if you don't buy their stuff. Don't listen to the useless dramamongering,hot-take
Tell them they should be paying more by giving them a huge tip after the art's delivered.,hot-take
"""it's unethical to buy from cheap artists instead of just not giving them any money at all!""


What the hell is that take lmao, no, it's not unethical. Price ranges exist. Lemme guess, person saying it was someone who sells for $100+ for flats?


Its elitisim. Which is terrible. Furry fandom has the same thing with makers, people sometimes make suit heads for way cheaper as a hobby (I'm talking sub $300 instead of $1000-$2000) and the big names try to go ""you're being unethical!!! Preying on them!!!"" But then you get down to it and they're just annoyed people aren't spending $2000 for a suit head from them.


Spend your money how you're gonna spend it. As long as it ain't going to AI, then who cares if you spend a lot or a little if both parties are happy?",analysis
"It's not really something one could possibly answer in broad strokes, since pricing and purchasing have a lot of context that could radically alter things in one direction or the other.  

Like, I'd prefer if people paid a fair living wage for art, and artists across the board charged their actual value, but commerce is a complicated thing, everyone has their own situation, and at the end of the day I don't think someone going the extreme tightwad route affects the overall market that much.  There are things I'm far more concerned about in terms of ethics and morality. ",hot-take
No. It is a challenge to other artists as it pushes the market to lower price expectations as others have commented. However I don’t know how much difference it makes. At the moment underpricing is a default position owing to the economy and uncertainty.,hot-take
"Imo if you want to buy from an artist who severely underprices their work, you should tip them to make up the difference",hot-take
Its not unethical to look for a price you prefer. This is a weird take you saw. Its deff not a person who understands the business aspect of comms and the artist's role in that.,hot-take
"Nope. You're supporting their journey into eventually valuing their work more. No one really starts out believing in their own worth + it's often important to start small in order to build a base of loyal patrons. I recently bought a teens artwork off ebay for $0.99, their next two art cards were $1.99, then $2.99 and I bought those too. Their thank you notes were very sweet


I purposely undercharge for small originals because I believe that original human made art should be accessible at all levels of income. I'm really passionate about the idea that art is a vital part of the human experience, not a luxury. And everyone is struggling to make ends meet right now. I currently have a scale of available work at different prices ranging from $2 all the way to $400. Most of my patrons buy in the $2-$100 range.",reaction
"Meh, I occasionally do bursts of undercharging for my work sometimes because it's:

1. Not my primary income source, and
2. I have a client base of incredibly respectful yet sometimes poor folks and I believe in making my work accessible to them.

",reaction
"I think it's up to the individual artist what they want to charge, so imo, there's no such thing as underpriced work. If you think it should cost more, you can always give them a bit extra as a tip. ",hot-take
"I think it's damaging to artists who do price their art appropriately. Why pay £150+ when someone else is doing it for £20.

I get they want to draw in more clients, but then they're screwing themselves over because they will never make a living wage, whilst also screwing over other artists who could make a living wage if other artists weren't underpricing and taking a chunk of clientele because of it.",analysis
"Idk I think the clients that buy for $20 vs $150 are operating in two completely different niches and those sellers are not necessarily competing for buyers. Most people will only buy original art if they value the act of creating art (otherwise they'll just get some cheap factory made shit at homesense). Most people also choose to purchase art because they like that artist specifically.


The primary problem is that many places are in a cost of living crisis at the moment and so the average budget of a buyer is smaller. So we can either cater to those buyers or continue to cater to a smaller pool of high income buyers. ",analysis
If you think someone is under charging you can 1. Tell them that and 2. Pay them more money 🤷 artists like tips and I’ve absolutely paid over asking and have had people tip or pay over asking when I was selling my work.,reaction
"I'm an artist who loves to live with works by others in my home. I often get prints/art from artists who specifically lower prices because they need something for their art or life. If they set the price lower and need something, I am happy to get something I couldn't normally afford and I helped them get their car repaired to get to a residency or whatever it was. Win-win",reaction
"I used to be in the medical marijuana business from 2015-2021. When advertising my products, I would sometimes run into broke college kids (I live near a very prestigious & wealthy university), and they could only afford maybe $20. I would take the $20 for something that is normally $25-35. Why? Because money is money. I could either make a $5-10 profit off them or deny their $20 and make no profit. This would also increase my chance of a returning customer. 

Now I do the same thing with my art. Broke people want art too.",analysis
I think we need to reign in the era of selling and buying underpriced work.  I’m sure I’m not the only one with a large collection of works that will never live anywhere except my closet.  Get them out in to the world and grace and adorn the homes of the poor. Poor people like art too.,hot-take
I don’t have the time to care what artists think I should be paying for something. People are just looking for something they can afford. It’s not always about you.,hot-take
"I am an underpricing artist, please don't stop buying from me 🥲


""Jokes"" apart, if I see I don't sell anything, what do you think I will do? Lower the prices further, of course.",reaction
If its a commission and they are already underpricing i just tip the shit out if them. Its a good question to ask fwiw dunno if its unethical or not. I typically wont buy from folks like that because if they can't see their worth I worry how I would be treated as a client.,reaction
"The iPad or tablet an artist works on costs what it does because it’s manufactured in places like China or Taiwan. If it were produced in the West, it would likely cost much more. Yet I’ve never heard artists argue that it’s unethical to buy tablets made in those countries, or suggest paying extra or donating to organizations that support workers there. In short, every client takes advantage of lower prices. The argument about ethics either applies to everything or to nothing.",analysis
"No, everyone sets the price they want, and customers have nothing to do with it. The market moves on its own.",hot-take
"No, I don't find it unethical. They offer a price they feel will compensate them for their work, I am a buyer that will accept that. ",reaction
The artist can only choose how they view their art to be worth. You could always tip them extra to support them or to try and encourage them their art is worth more. Or just to be nice.,hot-take
"The thing many people don't want to see is that yes, it's the artist's choice, but ALSO if too many people underprice, nobody can live off of their own work bc the low price trains customers that 100 hours of professional work are barely worth a happy meal. Artist work is just as valuable as anyone else's work. This harms everyone in the long run. 


Somehow everyone wants to buy cheap art but in their own job they want to be paid good. Imagine in your job many people are just fine with a fraction of your pay, so your boss is like ""I'll get one of those cheap people, you're fired"" and then you apply to other jobs and they're like ""Are you dirt cheap too?"" And you're like ""no I'd like to feed my kids please"" and they're like ""well others work for cheap without caring if they make rent, don't be so arrogant your hour isn't worth more than a dollar tops"". 


You don't exist in a vacuum, no matter how much you want to. 



In the end all you can do is decide for yourself what your conscience can handle. 


Here in Germany there's professional guidelines for this stuff. A professional artist's hour is worth at least 110€. A professional illustration commission for a professional customer is worth at least 3-4k. This sounds like a lot but artists live off of freelance commissions and have unstable income. Some months it's a lot and some months its nothing. Taxes, health insurance, material, studio rent, traveling, copyright. It all has to even out or they don't make rent. ",analysis
My conscience feels fine. Nobody forces you to work in a field that is oversaturated and is wildly advertised as difficult to make it in.,hot-take
"There is such a thing in the US as well.....they publish a book every year called something like The Graphic Artist Guild's Directory of Illustration, and it has all kinds of guidelines for all kinds of different ""art"" work and what the going rates are.  A lot of artists I have met online don't know it exists, though.  I am unsure why.",reaction
"I don't think it's anyone's business what an artist wants to charge for their art. Being offended on their behalf is nonsense. I say this as an artist who did commissions before. I didn't charge a lot. I didn't WANT a lot. I wanted to pick up a few quick drawings for a little pocket money. Would it upset people that I was getting less than minimum wage when I did them? Probably. Do I care? No.   
Here is another reality that people don't like to face. When you tell someone to ""charge minimum wage"" and you don't know where they are from, you don't actually know what you're telling them to do. Telling someone to charge 15USD/hr when they live somewhere that 15USD/hr is a LOT of money you're telling them to out price their own area. Which is some big US-Centric internet mindset.   
If you REALLY care about how much these artists are making, and not for the selfish fact of it influencing how much YOU can make, then you can commission them yourself and TIP them extra. ",analysis
"If you think the art is worth more than they’re asking, feel free to leave a generous tip. ",hot-take
"As an artist, I think it’s ok. I am a mid career artist. I am underpriced because the economy in my city couldn’t bear what I think I’m worth. I appreciate my patrons who have taken a risk on me when I was unknown. If more people bought art at unethical prices from emerging artists, then they could raise their prices faster. ",reaction
"I think it’s unethical if you have any expertise in pricing art, otherwise it’s not your job to offer your opinion to an artist about their pricing. If you think they could get more for their work you can always suggest it, but is it an ethical obligation if you’re not an expert? No. ",hot-take
"People's cost of living varies a lot based on where they live, so this seems a lot like trying to impose an individual standard on everyone wrt what a fair price for labor is",analysis
"vendor has the final say and you're not being predatory by offering what they ask, counterpoint: why not tip them if you really love the piece? i got one pair recently for 15 each and liked them so much i tipped 100%, i felt like the quality and love put into the art deserved it",reaction
"I think you can consider it unethical from a certain point of view because it lowers the market value for everyone and devalues art in the process. I think it’s understandable and admirable that someone would hold that point of view and stick to their principles on it.

The more difficult question is ‘when is it okay to apply that ethical standard to other?’ Pointing out that it’s a problem is understandable if they feel strongly about it, but it’s also somewhat a privileged position to have that not everyone agrees with.

It’s a complex subject but I think as long as everyone is treating each other with respect it’s not a huge problem to disagree. Ethics vs practical reality is always an ongoing conflict. I’m sure everyone here owns something made by someone who should be paid more. This isn’t unique to art. I think it’s sometimes okay to be a hypocrite ‘yes I think artists should be paid more but I can’t afford to do that’ than to just stick your head in the sand and pretend the problem doesn’t exist at all. Living in a complicated world doesn’t make us bad people and I think if someone can afford to pay for reasonable prices that’s a good attitude to have.",hot-take
"Nah, depending on where you live and how much time they spend on their drawings changes a lot how much they need to charge.

If they are charging you a price is for a reason and chances are they rather have the commission.",analysis
Absolutely not. Everyone's financial situation is different and they priced it that way for a reason. You could be the person giving them the confidence boost to keep going.,hot-take
This is kinda my thought too. If they were to increase their prices I wouldn't stop patronage!,reaction
"I've been in the position of underselling., and still get comments of being underpriced or undervalued, and I'm grateful for every single collector, no question.",reaction
"Yes it is. Artists underpricing themselves is a tale as old as time. But often the only way they learn a luck of business sense is someone taking them up on their offer. 

It's perfectly ethical to buy lemonade and cookies from a kid's lemonade stand as long as everyone understands this is a learning experience for the kids more than a place where you're getting bomb diggity lemonade. Same with cheap artists. Patroning the leaning artists is just fine as long as you know what you're buying.",analysis
It’s complicated. The economy and the commission market is so bad right now so I feel like a good majority of artist are undercharging in order to get work. The best thing you can do as a commissioner is maybe give them tip or other forms of support if you feel like they are under charging.,hot-take
"Its understandable for young and inexperienced artists to feel like they need to undercharge to get work, and some purposefully keep their prices low to cater to people with limited incomes or currency differences. Its also true that it attracts predatory types but higher prices scare them off, or they resort to scamming attempts.

If you think the artist is underpricing themselves, offer to pay them more than what they've quoted. Back when I first started taking commissions over a decade ago I was charging $10-$20 for full images. It took several customers saying 'raise your prices' and giving me way more than I asked to convince me to give myself more fair pricing.

",reaction
Is it unethical to buy a hotdog from costco for $1.50 when the ballpark charges $12? Will costco put the ballpark out of business?,analysis
"  I would underprice my art because my quality is not consistent and j want to get practicing in. I've reacieved $30 for a piece in the past but the last few years I've drawn less and my quality had gone down so i'd prob charge $10 for the same person. 

If you feel guilty about it then tip the artist what you think its worth after the piece is finished. Just be sure to do it after not before so there is less pressure on the artist",reaction
"I'm super similar actually! I'm also an artist who underprices but just because I want more frequent commissions and don't take art seriously for moneymaking. I also price it as to not put extreme pressure on myself; I wanna deliver a good artwork of course, but I also don't want 'is this worth x amount of money?' lingering in my mind as I work.

I kinda get the perspective from both sides, I posted this question mostly was because I was wondering if there was a general consensus from the community. I personally would appreciate a tip (and thanks for the note about adding it after, not before) so I'll tryin the future!",reaction
Art is worth what someone wants to pay for it.,hot-take
"So, someone the other day offered me 700 for a comissioned piece of my art. I felt too guilty to take it. I offered to paint them a comission for 100 instead. I recently made a redbubble account because it does automatic pricing and stuff, but when it comes to commissions and original pieces I never know what to charge...  I feel guilty going above 100 for some reason, I think because I have been poor before and I partially think of all the resources poor people already don't have access too... and when I give away my art it feels like giving away a part of myself. 

Can I possibly have some other artists on here look through my IG and let me know what I should charge, or maybe help me come up with a fair way to charge so I don't feel bad? Lol. 
I know it sounds rediculous but I just feel really guilty and I am sure its something psychological: 



https://www.instagram.com/p/B__XNyCn3R5/?igshid=166dw0yos5fcc



What do you all do in order to price your work? D:",reaction
All of a sudden I am getting a lot more comission requests than normal.. O.o but its all legit paying customers... idk what changed or why. I am so confused lol.,reaction
"I just shared some advice on another thread about pricing and contracts that might help you:

[Contract and Pricing Advice](https://www.reddit.com/r/ArtistLounge/comments/glcpu4/pricing_and_invoicing_people_for_work/fqzt8rv?utm_source=share&utm_medium=web2x)",reaction
"In my opinion your art, monetarily speaking, is worth what people want to pay for it.  If your setting the price before an offer is made, start with how much you want to get paid per hour, then calculate the number of hours. You take that and add the cost of you to replace the supplies when you need to. But remember to prorate based on the amount of the material you use including the cost of matting and framing. For example, I work with colored pencils and use many different colors at a time, but I do not use the entire pencil for one drawing so I will not add $2 per pencil I use I will just add some to help restock when that time comes. Remember to think about the tax you have to pay and your overhead depending on if you are full or part-time with your art.

When you take the $100 if you spent more than 10 hours (including the rough sketching, planning and prep time)you are making less than $10 dollars per hour. Now subtract your expenses; what are you left with? Did you get what it was worth?",analysis
">So, someone the other day offered me 700 for a comissioned piece of my art. I felt too guilty to take it. I offered to paint them a comission for 100 instead.

If someone offers 700 bucks for your work, you'd be stupid to not accept it. If anyone actually says no to that, they are immensely stupid as well.... Don't ever listen to them. if they're out there making large and detailed pieces that take a while to process and only charge under $200, they're making a very large mistake as an industry artist. Your time is limited and is not worth less than a $100 that's for sure. 

There's a thing about artists spending time to work on their pieces and projects, and most of the time it's statistically shown that most artists actually undervalue their work.

There are great resources online in regards to how you should price your work, but if you were to ever be serious about doing art as a job, you've got to understand that the price isn't for the art itself, but also for the time resources and skills that you put in.

Look at a few videos from the yt channel TheFutur, that resource should help you significantly.

Also, if someone ever approaches",hot-take
"I dont think saying someone is stupid for caring about other peoples quality of life / income is a kind thing to do....no offense. I simply just DO think about the situations of others. Capitalism breeds this selfish mentality and yes, it does bother me. I DO think about my clients; be it at my primary job in the mental health field, or when I make people art. Just because I am providing a service, it doesnt mean I need to be heartless and only care about money... Like I said, my art is deeply personal to me and it is like giving away a part of myself at a point. I want others to enjoy it. 
I don't think this scenario is so black and white.

I get why other artists would feel frustrated at myself and other artists for caring in such a way, but I don't think calling people stupid for worrying about others is helpful either. Especially since most of you don't know I am mental health professional and work in mental healthcare, so I am regularly exposed to different life situations. I have a career that humanizes other people and find myself having their best interest in mind. Especially lately during the current pandemic. 

Though thank you for the other resources and I will be checking them out as I work out my pricing issues / create fair pricing in the future.",reaction
Wow... $700? I’ve never sold anything before and this makes me jealous lmao,reaction
"It was unusual. I will say that much lol. 
I cant say I have ever had someone say they would pay that much prior. Usually like 100? I am still going to charge what I normally would and make a chart with my pricing on it and add a discount for low income people I have decided. 
I think its going to be a coupon type thing if they show me their benefit card or something, for people on disability and food stamps and such so they can still buy my art if they want. I haven't seen any artists do this yet but it would make me feel better.

I will write it into the contact I am going to draft up. 
I also just got a second person in my inbox wanting a commission whom just paid me. Its weird lol. I usually don't sell much unless I do a convention or something, but I have been using tiktok more lately with a link tree link... so maybe that's why?",reaction
"Always remember that just because you grew up poor doesn't mean you are not worthy of being paid. 

Also in business, never assume the volume of someone else's finances. People pay for what they want.",hot-take
"Thank you so much everyone! I think I am dealing with a bit of imposter syndome at the moment, which is leading to my feelings as well, so I am doing a lot of research on how to overcome that at the moment. 

Its weird but I guess while I post on social media I never really thought people payed much attention 😂
Idk how to explain it. Its a weird feeling but also very humbling.",reaction
"My suggestion: slowly increase your rate, commission after commission. Start at a rate where your feel comfortable (100 in that case) and the next one ask for 150, and the next one 200, etc etc.",hot-take
"Hm. Yeah but if they have 700 to throw around, their not poor. So it's nothing to feel guilty over at the price.",hot-take
"I wrote a load of stuff about pricing art here [https://artistseo.blog/conversion/how-to-price-your-work/](https://artistseo.blog/conversion/how-to-price-your-work/) and every time this question comes up I think .. I wonder if what I wrote is alright. And I go back and read it again. And I keep being chuffed with what I wrote. So have a read of that, but the point is, don't charge by the hour. I'm only just pulling myself out of that, tbh.",reaction
"A friend of mine wanted a commission (digital art printed onto a 24 x 18 canvas) and I said I'd do it for 250. He said he would give me 450. I took the 450. I think one of the most common traits for artists is undervaluing their own work. It sounds capitalistic, but at the end of the day, any art you sell automatically becomes a product. A product's value is in the eye of the consumer.

Take the $700.",analysis
"Was it for commercial use? if they are going to use the art for a cd or book or ad then it expected that they pay 100+, they will just recover the money they paid you with the sells.",analysis
"I've ripped mysrlf off before and won't do it again. I'm now firm on my pricing. I've had friends who wanted my art and I've given them a discount and still they will try to haggle. Your time and art are valuable, don't sell for less than you deserve and if someone wants to pay more let them!",reaction
💯💯,hot-take
I charge in between 30-50 dollars an hour based on medium. Seems to be common pricing amongst emerging artists,analysis
Thank you! I am going to base my base pricing chart off of this for the future.,reaction
"Art is worth whatever you can get someone to pay for it.   
Not what *anyone* would pay for it, and not what *you* would pay for it.   


This coming from a guy who came from legit nothing and just landed a six-figure commission.",reaction
"$700 is cheap. Why bother selling anything if you can’t make any money from it? 

My line is “For no money, I can paint whatever I like. For a hundred bucks, I’m not lifting a finger.”",hot-take
"If someone offers you a large sum for your art, TAKE IT.  By undervaluing your work or working for cheap you are effectively undercutting other artists.  Don’t flood the market with cheap work.  Charge as much as you can.  If you’re uncomfortable charging for your art, please stay out of the market.  There are ppl trying to make a living at this.",hot-take
"I dont usually go out of my way to sell online.. only because I am ADHD and its soooo boring to me to ship things and update a website constantly. That's why I made a redbubble website instead of my own website...and I just made one like last week xD I have been selling off and on for a long time, but usually prints at events and conventions. Not usually comission work. 

This is an important perspective though I didn't think about. Thank you! I didn't think about my fellow artists. I just assumed people like the styles they like so it wouldn't matter. I guess I assumed if someone likes my style and I don't sell anything then they wouldn't jump to someone else because its a style preference. Seemed like it wouldn't effect the market but it makes sense it could. I wouldnt want to hurt anyones livelihood. I am going to work on fairly pricing my work, but I am going to add a low income discount thing because I still want my work accessible to people to cant otherwise afford it, plus businesses do this (like imperfect produce and such). I will just have to add something into my contract when I write it up I think. 

Also likely requiring some form of proof like a food stamp card or whatever. That way its fair.",reaction
"It can be tough as an artist to think like a business person.  God knows I hate it.  But I would recommend you learn the business side of things if you want to sell your work/skills.  

Best of luck to you.",reaction
Thank you. I agree. I know marketing and business is very important. I am going to spend time researching it! I absolutely don't want to hurt any of my fellow artists. <3 We have to stick together and support one another.,reaction
"I’d like to also add, that I’m not myself sure on why you’d add a low income discount (not having a go here, honestly). 
In theory it sounds like a nice idea, but if someone is not earning a lot they often aren’t spending it on original pieces of artwork.. the times I’ve been low income, Art wasn’t in my budget but a thing to be saved up for. 
I think this is where *prints* come in handy. As someone can own the copy of an artwork, probably smaller for around $15-$50. 

I wouldn’t be discounting art on the basis that someone is unable to afford it that week. Art is a luxury, not a necessity (unlike grocery/department stores who give discounts) and people who pay considerable amounts for it are usually ready to do so. Keep that in mind. 
You were offered $700 for your art. That person told you what your art was worth and you essentially said “no actually it’s more like it’s worth $100”.

I hope this doesn’t come off harsh, because I struggle with it too but half the battle is confidence in yourself, which needs to show through in your business.",analysis
"No offense, but it doesn't have to make sense to you where someone spends their money...low income or not... it makes me feel better and as also a mental health worker, to also provide my services to people who cant otherwise afford things. Just because someone is poor or low income, it doesn't mean they don't deserve to have some descent luxuries sometimes. I work primarily with low income individuals in my primary line of work, and yes, some of them would love to collect art if they could. They see me painting and have asked me for some pieces actually. I personally don't judge where people spend their money because self-care and mental health matter just as much as food and clothing..and sometimes art can really speak to a person on a deep profound level.",reaction
"Then that’s your call to make. People here are only giving you advice from a business perspective. Not a moral/political one. 

Personally, I think your art is of a quality and style that’s definitely worth what that client offered you. It doesn’t mean you can’t donate work or give commissions for discounts at your own discretion. 
But don’t be surprised if people start to consistently discount the worth of your work (and thus, other artists works as a side effect) because you’re handing out the discounts yourself. 🤷🏻‍♀️",hot-take
"If someone wants to pay that much I would take it. There are so many ppl that want Art for free and it is really hard to find someone that actually pays you. To be honest, I think this Person is trying to scam you and run off without paying. But I dont have enough information on that to say anything lol.",reaction
"Nah it was a legit person. I know the difference between bots and scams at least haha. 
He said he can spend between 600-700 on comissioned art from me for a music album.

and yes I am aware my art isn't THAT great lol. 
Also why I feel weird charging over 100 😂 I don't think its bad, but its no Picasso. Ha.

He didn't give a shady vibe at all and we are currently chatting. Mostly its just awkward for me because I never thought anyone would ever offer me over 100. Idk why.",reaction
"With a price like that, they are basically paying you to have the rights to your image - which means they can use it as their album cover and use it in marketing etc. 
they will profit off your image, so it’s more than fair for them to pay that price. I know artists that charge way more for the rights of an image they designed to be used.",analysis
"Remember that if you’re doing it for an album cover it’s a bit more of a business transaction than a personal commission would be - I think it’s totally fair to charge more than usual because they’ll be using your art to make money, and it could even end up on band merch or something.",analysis
Good point.  You may want to charge a licensing fee on top of the commission fee.,analysis
Just be shure to get at least half the Money upfront before you do ANYTHING! Had some bad experiences with people that wanted to get book covers done and just stopped responding after a while,reaction
You could assign yourself like an hourly wage so that the price of any commissions or original work is based on how long it takes you to do it plus cost of supplies and things,analysis
"Thats not a bad idea. Would I still collect payment before, or after? I have had people not pay me after I already painted so I typically collect before.

Also, do most artists use contracts, do you know?

I am obviously not great at the business side of this stuff. 😂",reaction
"This is what I do. I couldn't stand the possibility of losing out on so many hours of work, and having to keep images I didn't even want. I picked it up after a few high school blunders of using my finest paper and pens only for the person to say ""oh that's not at all what I asked for"" . Aahhh...

I'm sure someone's gone over it but I've been safe with using estimation for the initial cost. I have an idea of how many hours I spend in certain tasks, and create a range of minimum - maximum hours. Then I charge half of the minimum as security deposits before I start any work. I am also very forward that ""it's possible to go beyond the maximum estimated hours possibly due to requested changes"".

Once I receive the payment, I'll do the work and keep a time card. I keep in touch during the process with low resolution watermarked samples. Once it's done I send a final low resolution image to confirm it's what they want, and send the final invoice for the remaining hours before sending the full glory image. Both invoices act as a terms and conditions (contracts) but the final one is to say that we've both agreed it's complete, and won't do further work on it once payment is received. 

It's kept me safe, but I've also been very lucky to have amazing clients so far.",reaction
Just ask for a deposit for commissioned work.,hot-take
"What one of my art teachers told me was that a good rule to go by is either 50/50 (50% up front, 50% after) or in thirds (1. up front when accepting the commission, 2. after deciding on a design/client approving sketches or equivalent, and 3. After art is completed.) A standard contract would be good to guarantee payment as well, I’m sure you can find a template online to modify to your purpose.",hot-take
"Always get at least some percentage of the payment upfront. If you do the hourly wage to price your work you will have to estimate how much time a piece will take so you can price the artwork and collect payment upfront. Sometimes it’s difficult how long a piece will take but you get better at it with practice.
Also, if someone is willing to pay a lot a piece of your work, don’t be embarrassed! They love your art and see its value. The price of art has a lot to do with what people are willing to pay for it.",hot-take
"It's always 'YOU SHOULD CHARGE MORE' if it's like $20 and above and there are 0 buyers

But when it's under, it's never CHARGE MORE

It's THANK YOU FOR UNDERVALUING YOUR ART SO I CAN BUY IT

It's kind of bitchy to undervalue someone's work because you want it for that price, and then turn around and tell other people to price up because their work is 'too good'. 

So only when it suits you, right?",hot-take
"Okay, while I agree that artists should charge way more than $20, there are a few conditions to actually raise your price. First and foremost, when you start monetising your artwork, you become a business. That means you gotta know your product, your audience, and the value that you can bring to that audience. Are your works good enough/valuable? Note that sometimes it's not only about skill/technique. If you can make something that relates to your audience a lot, they'll buy it. Or at least, they'll share it so it might reach people that will buy it.   


You also got to know your audience. early 20s or below usually doesn't have hundreds of $ to spend on art. So it's either you shift to mature audience that can actually afford it(but that means you gotta level up your work a lot to compete with other professional artists), or you think of a way/strategy that still affordable yet able to give you profit. Other people says prints(or any small merch for that matter), and that's good, especially if you have a fanbase.  Tiktok art video maybe? Youtube?  


Last thing. This might be because I'm growing old and grumpy. Why y'all young artists rush to sell your artwork just after one or two people says ""oh I like your work, you should sell it""? That will just add so much unnecessary pressure when you should focus on studying and improving your artwork. If you need money, take part time jobs. When your works improved and become valuable, people will notice you. Then you can take some commissions and raise your price whenever you got overbooked",analysis
"step one : find a way to mass product your art for cheap, so you can still sell each product for $20-30 a pop. my original ink pieces are priced around $60 at the moment but they were originally prices at $20 when i had no buyers.

step two: do actual promo events for your art. gallery showings, convention tables, interact on social media, gather fellow artists around you, social events with drinks and food....basically socialize & talk to people! **as an artist, you need to input love in order to receive love.** . 

step three: when you get an increase in audience and start selling more. Even better, invest your time in larger scale pieces when you do have an audience you can sell to, for higher prices. 


Be patient and pace yourself too! it's important to note that growth that leads to sales, takes a long time to get better overall.

 it is totally okay to approach your work in a casual way, especially if you still have a day job or other full time responsibilities. The thing that matters most is if you enjoy it. if you are showing that you enjoy the process of your growth, people will gravitate to you naturally.",analysis
"Yeah I don’t go by those comments when pricing my art. It’s usually trial and error! But if people feel really attached to a piece, they are willing to pay for it. Especially if they have been following you through the process of making the piece.",reaction
"YESS for me it's also trial and error, I still can't find a good way to price my work so I feel like the only ' consistent' way for me to price is just by the way I feel - but still in the bounds of what I think (but I guess it's still my opinion LOL) isn't too steep or too low that i'll feel bad about spending time on it, just to not even be satisfied when I get paid LOLOL

 If you have a dedicated fanbase that will pay you what the art is worth, then you don't even need to listen to these comments at all - you'll get paid by someone who will appreciate your art, and that appreciation and the fact that your customers consider your art WORTH that quality is just so beautiful. I'm tingling just thinking about it LOL",reaction
"Exactly! You gotta find that sweet spot, and as you get more popular you can slowly raise prices.",hot-take
"I totally agree with this! Why tell us our art is worth more than what we offer in our commission prices, and then when we consider your praise and decide to fairly up these prices, complain? It makes no sense",reaction
"YESS, people fairly argue that these people that ask you to boost your prices are artists, and the people that buy art cheap are just the consumers - but imo some of those people are the same people LOL
 
It's fucking HARD to do right by yourself when your art isn't getting any movement - if almost makes you want to price your work back down, but doing that devalues your work based on someone else's standards.  

I like the comment one user made about keepng your own standards high, and THAT is the way to change yourself from a starving artist to a working artist.

If only those commenters that ask you to price up your work could all be potential buyers LOLOL, I WISH",reaction
"https://www.instagram.com/p/CFaN-b9Fser/?igshid=1h3wmn2m2fwjb

Look at how much nixeuu charges for art.",analysis
"Know your audience as well. Are you marketing to 20-something students or people established in their careers? I couldn’t afford art when I was 20 either, no matter how much I liked it and wanted to support the artist. You are not required to price your art so low that everyone who wants it can buy it.",analysis
"Most art is *WAY WAY WAY* undervalued.

A professional artist should aim for the production cost of a piece to be no more than 20% of what they sell it for (assuming a dealer or gallery might take 50%). 

I recently charged $9400 for a 60x40"" print which cost me $900 to print/mount and another $1800 to frame. Production ended up \~34% of the sale price. So TIL I'm still charging too little even though it's way more than most people would ever pay for art.",analysis
"I find it so beautiful that you charged that much - and YEAH THAT'S THE PROBLEM, art costs SO MUCH to ship and frame and print and mount, if I charge my work at exactly the correct price which would be the classic ( skill x time taken x the other thing ) then it would easily be £100+, which sounds so extreme to me. YET people like you and my friend are able to find a way to make it 'work', but even making it ' work'  isn't really fully making it work in terms of comparing how laborious it actually is to the price. 

I'm glad that you make so much though, even though you should be making more. I'm hoping one day you make it so that people will pay the utmost full price for your work.",analysis
"I mean the hard truth of it is that it's just like any other luxury commodity... you can't make people buy what they don't want to buy for a price they don't want to spend.

If $20 is the most people are willing to spend then you need to find a way to maximize your profits there or find a way to make something people *are* willing to pay more for.

Prints are a great way to maximize profits with higher volume for more affordable prices.

Or if you only want to sell originals and want people to pay more than $20 then you need to offer work they're willing to spend more than $20 on.

That is really all there is to it.",analysis
"In Mexico we have the same problem, but in ""pesos"", which are worth 20 times less than the dollar. I wish people appreciated art more.",reaction
"Yeah same, and that sucks - but in your country hopefully everything is priced alright relative to the worth of pesos ):

 I wish everyone appreciated it too - I'm happy that the online generation is embracing the art community though, or at least in my circles :)",reaction
"I had someone come up to my table and compliment everything I was selling. Really sucking up. ""It's so good! I'd love to have something! You really deserve money for this!"" They then offered $11 for a piece I was unusually proud of. Turned them down. 

A few hours later I sold that piece for $150.",analysis
"$11, what an insult. I'm fucking happy for you that you sold it for $150. 

I don't know that guy's situation, but I wouldn't even be able to hold my head up after schmoozing you and THEN OFFERING $11. Maybe he thought that was a lot, but for a piece of art, how embarassing.

3 Redbubble stickers might be $11, not finished piece of art.",reaction
I was pretty pleased at the end of the day. Me and my mates had a good laugh.,reaction
"I’ve heard (meaning I haven’t done this because I’m trying to survive in the USA) that selling different things at different price points helps. For example, printed postcards could be cheaper, but large prints and commissions should be priced higher.",hot-take
"I've found explaining the pricing method helps. I do commission only, so it's all custom whatever I make. I say my skilled labor rate, complexity of the piece, materials, and estimated time. Either they realize it's fair pricing, or that they don't actually want something custom. It's served me pretty well, and often I get tipped.",analysis
"That's fucking cool that it works for you, honestly. 

I tried pricing my art like that, and I just can't imagine me with my current fanbase being able to get anyone to buy it. All my fans are around my age, early 20s, and we all have around the same income, so pricing my work like I read online (and like you described) would make my work like £100+, something that I'd probably need a bigger audience for.

If you don't mind, I have 2 questions

\- how much does your work end up being priced? 

\- Did you start off your art career with just commissions? (because I initially just wanted to do commissions, but I haven't gotten as many customers as I anticipated so I feel like it might be harder to have an only commission career).",reaction
"I'd be happy to help! I started out by decking out alot of my own stuff. I'd make stickers, buttons, post my art to facebook, etc. I never made prints, but I guess making custom buttons was my start? Mass producing work always leaves extra unless it's made to order. I'm very green so didn't care for that. I'm a jack of all trades so if someone mentioned ""oh bro that'd be so funny haha I'd love X"" I'd look them dead in the eye and say ""I can make that. You actually interested?"". I got a decent number of commissions that way. I started under priced like everyone else.
If you want to regularly do commission, find your market. I know, easier said than done, but you're basically running a small business. Make business cards, get social media, if you can make decor for your own spaces do it. If I go out I weak my button saying open for commissions, and some other artwork. I pass out cards like candy. I also can read people pretty well. Being observant helps you find your market. If I talk to older people, I show them my charcoal drawings of animals/scenery. If it's people our age, I show them fanart or characters or dumb meme art.

My main source of commission are nerds. I'm wired into Dungeons and Dragons (big money), Magic the Gathering (also can be good), and a few other nerdy hobbies like Gaming. I make stuff for myself like custom art Magic cards and play with those to lure people in. I post on fan groups on twitter or reddit. Facebook is where you get age 30+ commissions frequently.

So my pricing is in USD, so you might need to do a little conversion but ~
If it's just a one medium, one color drawing (like ink and paper) it can range from 20$ -120$.
Charcoals usually are 60$
Custom art Magic cards range from 20- 100$ depending on what all I'm changing.
I made a custom Pip Boy from Fallout, that was a trade but I did the math and it would've been 250$ since it took so long. 

If you want my art accounts you can DM me, or if you've got more questions I'm happy to answer!",reaction
Yeah I hate people who want to buy my art for that reason. Over and over I go through that bs. Maybe it’s worth paying someone to sell art.,reaction
"Isn't it kind of demeaning too? Like you price yourself down, people wanna buy, and you spent hours on a piece only to get like £15 - AND there might be one or 2 people who don't wanna buy, telling you to price up your work, but obviously people are buying your work so WHAT IS IT REALLY WORTH??

I made this post based on a post in hungryartists tbh, this talented artist who could easily charge more is charging less, and hardly any of the comments were telling her to price up, even though I KNOW on a typical day, they would be the ones telling people to price up.",reaction
Key is to get 50 people to buy a 20 dollar print!,hot-take
Yeah I’m trying to boost my numbers so this will happen,reaction
"This is different for some people, but having a good community of people you know sorta in person, or at least make a connection with in some way, who are interested in you AND your art. Its about being about your art too, but never a dick to people or taking what some people say about it the wrong way. If you can have some personality people are happy to buy a 20-30 dollar print. Maybe less these days actually, people are not working as much.   
But then you need to do all the business oriented things, like cost of printing and even the cost of networking and being able to get your stuff in front of people. But keep that to material things like gas or food, tickets or w/e just don't think of life as an hourly rate or time sink.  
And then there's the art, you have to be good at it. Keep practicing, but don't burn out. I've always thought art as having perception that others miss and by putting what we perceive into an art work, we show these people the beauty we saw ourselves. It takes skill and practice to express these things, but to capture them you just need to pay attention.",analysis
"TRUUUUUU, the prints are where it's at.",hot-take
I have issues with this;; I try to price my art fair to me but no one buys until I lower my prices. Especially right now with COVID and everyone having financial stress. Not sure where the happy medium is...,reaction
"The problem is that some artists charge so little to get their name out their that they're not making any money off the art. Those people generally have another way of making money or are students. 
This is driving prices down and showing non artists that art is cheap. 
It's also incredibly competitive. All people see are pictures on Instagram. Art looks easy, so people assume its easy to do therefore should be cheap. 
It's pretty frustrating.",hot-take
"YESSSSSS, it's so hard to get any commissions when you start (if you don't already have a fanbase) so we've all been there ;;;;;, the naming so low a price so people will actually start buying.

The VERY FIRST CUSTOMER I ALMOST HAD asked me how much it would cost to draw his profile picture on instagram, and I said £12. I thought I named it too low, but he said ' thanks' and never contacted me again LOL. EVEN £12 WAS TOO HIGH.

I had another customer tell me not to sell my art for £30 another time too, and he named £60-£70 for me.

I'm thankful I had a nice customer, but I agree. I said this in another comment - I still think people see art as rudimentary, so they really don't appreciate the time and effort it takes to get the art to a specific level. They probably think if they draw a little more, they can probably get to that same level - but they'll only understand how much work it takes if they try it themselves. 

but I'm glad we have social media and non artists who are part of fandoms that actually appreciate the price of art nowadays, but that's also another part of this - when it's hard to sell art unless it's fanart LOL. That's a different story, but there's such good but bad parts of marketing on social media, there's really no one way to do it which makes it so difficult.",analysis
"I've encountered idiots over the years that can't equate the effort put into art with actual work. Seriously, some guy literally said art should be free because it's ""just a hobby"" like playing video games, as opposed to ""working"" lol",reaction
Wow some people don't understand the concept of labour,hot-take
"I'm not going to blame the students for it, it's just an oversaturated market in general. A lot more supply then demand isn't really anyone's fault, it just means that you have to be an excellent artist/marketer/networker and there isn't much room for more casual or beginning artists anymore. Or you can develop a distinct niche.",analysis
"It's not about ""blaming"" them exactly. There are a lot of people trying to sell art, and that definitely contributes to it. However, I do partially blame a lack of understanding. Lack of seeing your work as labor. Charging less then minimum wage for a commission is absuive to yourself and contributing to the lowering of prices. It makes it more challenging for people who survive on selling art to compete.",analysis
"No one would be charging that low if they didn't need the extra money, it wouldn't make sense. I mean, I know I'm underpaid in my day job and my employer undervalues my labor. Doesn't matter, still owe bills.",hot-take
"People want you to do well, just not with their money",hot-take
It's almost as if wages have stagnated and people can't afford things well. Capitalism wooyea,hot-take
I’m an artist and tbh it would take me a lot to justify spending money on art. Like food? Gas? Entertainment? Vacation? Or art...I like art. I like peoples art. It’s just a luxury that you really need to be motivated to have.,reaction
"Buying art is also a way of supporting creative people and respecting the amount of time and effort required to do something that isn't immediately ""useful"" or profitable for anyone. 

When we purchase from an artist, there can be a tangible object, event, moment, or information exchanged, but there's also the joy of knowing that you're encouraging them to thrive in their natural state. And the commercial product becomes peripheral.",hot-take
I’m not saying art isn’t worth purchasing but I am saying it’s pretty low on priority lists for costs of living.,hot-take
"Absolutely true. A low priority for most people, which doesn't reflect an absence of appreciation for art but a financial limitation. 

I was adding to your comment, and furthering the content/perspective.",hot-take
☝️,hot-take
Usually it's other artists telling them they are undercharging...but in reality if they don't have good marketing and then they price up they won't get much work at all. It's quite frustrating and really disheartening and kinda annoying,reaction
"Art is worth as much as the market is ready to pay for it. That's why some invest thousands of dollars into giant canvases with a few colourful strokes made by big name artists, but won't buy an oil painting that took some no-name hundreds of hours to complete. 

The buyer decides the value of your product. It's a hard pill to swallow for many creators, but it is what it is.",analysis
"It IS what it is. All I can say is that's the truth, and even Van Gogh back then wasn't as popular as he is now. 

It's not only a hard pill to swallow to me, it's also kind of insane.

Is there really a way to value art? You can't exactly measure skill on a scale, time taken doesn't necessarily mean the work is better, and actually, if you practice and become super efficient at doing something - measuring it by time taken penalises you for becoming better at your job. 

It's fucking confusing LOL, but at the same time it's just interesting to think about.",hot-take
"It is a very interesting topic, I agree on that. I think the reason things are  like that is partly because art is very subjective, and is harder to detach from the person behind it than other products. 

And also because technology enable virtually anyone to label themselves an ""artist"", so at the end of the day the supply is bigger than demand, and the general public doesn't perceive art as a serious endeavor, but rather just a play or a phase, or a side gig.

So people who are serious about art have to try extra hard not only to improve skills, but also to prove to everyone that they are indeed serious about art, and are worth of investing in.",hot-take
"Yes yes, it feels like a ' every person is different so everyone has to be judged individually ' sort of thing, but then that brings the question about buyers and who decides which art is worth the most - is it which rich guy spends the most on a piece of art? 

That's true, and there are so many different facets of art and creating - 3D modelling,painting, graphic design,animation, collaging, image manipulation etc. 

I keep labelling it a luxury item because people don't NEED it, but isn't it crazy? This is a whole community of luxury goods creators in a world where imo most people aren't willing to pay for it (unless they're already in the art community and they're supporting eachother). 

The ceiling only gets higher and higher. I've never wanted to quit, but the amount of talent out there is astounding - and I think people especially now are prioritising leisure over working in an office, so more people are learning creative trades in hopes they can turn freelancing into a career. 

Genuinely, I hope everyone can improve and break the ceiling and become successful, but I know that's impossible (at least for the people that give up), so I'll just try my best and hope those who want it really badly will also succeed.",reaction
"It has always been a luxury, so nothing new there. However, regarding your last point - for every artists that makes it in the industry, there are thousands who give up. Market find the way to regulate itself. It's sad for people who have to settle for smth that doesn't necessarily make them happy, but then.... We also need people in other professions, so it's fair, in my opinion.",analysis
"Well i get the same and I don’t think you should sell to anybody who undervalues. If they want a different (lower) price it means that they do not value your art for the given price. I don’t think it’s okay to “sell anyway”. YOU give a value to YOUR art. If it’s a commission, you can agree for a price more or less but if it’s a print or your existing art or character I don’t think you should sell for too low. On the other hand people set a price depending on how much value it has for them - but that should only matter for professionals or companies.",hot-take
"I'm a big fan of encouraging prints. If its a commission and under 20, the artist is doing themselves a disservice, but if they are doing these fantastic pieces that could easily be charged at 250$ due to time on it and can't get a buyer, start selling them at 25 a pop. Non-artists don't understand what art takes often and its important for a full time artist to have revenue, especially when their art takes expensive resources to produce.",analysis
I'm currently looking for on-demand printing services for this exact reason. I'm uncomfortable with ordering a large number of prints and just having them sit around my house in case they don't sell. Would you know of any good places to set that up?,reaction
"I hesitate about using a print on demand if you have a people looking to buy. You get such a tiny amount back for your buyer to pay a high price. 

There's sites like redbubble and society 6 and Saatchi art but for the ease of uploading, they take the majority of the profits. I have a redbubble but everything is marked up to 50% back , things still sell but in my own shop I can get a lot more in pocket.

You can sell prints in a variety of ways, you can 'print on-demand' 
with a local printshop or online ones offer that too. You'll pay a slightly higher price than if you bought in bulk but you can get so much more back. You can also invest in printing at home . That has a high upfront cost but prints are  0.25 a pop.  

I personally use a site like printful which is a print on demand but I have to set it up myself through a shop. No storage required and it's automated a decent bit but requires more work on your end to get it right.",analysis
"Yeah, I have Redbubble and the ""profit"" is terrible. 

I do have a good (not professional) quality inkjet printer and I make my own stickers on glossy photo-like sticker paper and they sell pretty well in the store I consign in. I can't really sell prints there because it's a book store, so I'm working on my own site to sell the prints there. But ink is so expensive, I don't think it'd be worth it to print my prints, plus I don't think off-the-shelf ink is archival.

I'll check out Printful. I think I've used them before, but it's been a while. Thanks.",reaction
"I actually found out about printful when I was using weebly as a portfolio website and it was...ok. The set up is a bit confusing but if you follow their online videos you'll be able to work it out. 

I ended up integrating it into a gumroad shop and so far so good! https://gumroad.com/ericapaints Basically printful does the printing and shipping for me and keeps all of my branding on it. It costs about $7 for an 8""x10"" plus a $5 shipping cost so it isn't amazing or anything but much better than redbubble. If things sell well then I know to take it down off of printful to make my own set of prints.",analysis
thanks for the info!,reaction
"Prints are the best revenue source, - i'm trying to start a print shop for the same reason.

Non-artists really don't understand, and as an artist I know that art is just luxury. It's definitely not something anyone needs to have immediately, but they get it because they want it. It's funny how I still can consider how people feel about art from the other side - it's 'drawing', and drawing sounds so basic, which is why you get all these people who complain about art being too expensive too. They WANT it, but somehow it's still TOO EASY to do and their 'cousin up the road' can do it BETTER and for less. 

We really are working on the side of luxury goods, and luxury goods ALWAYS have critics.",reaction
"I find prints tricky - if you can only sell a handful, then the overhead costs are high. You would have to ask $20 bucks for a print ... and if the buyers were so far barely willing to pay this for an original, they'll buck at paying that for a copy.

Once you can sell hundreds or so, the printing costs get very low - and it's economical.",analysis
"Would they though? Even if you do a short run of prints like 10  
You can still get it to $2.75 with a plastic sleeve and cardboard and mailer per print Plus what like ~$3 in the US for shipping. That's time much better spent making prints than making originals. That's roughly a $142.50 profit if you can sell all 10 just at $20. 

( I use pirateship for getting good shipping prices. - not sponsored, I just love them. )",analysis
"What is your example size? A postcard? Letter size? Are people willing to pay 20 bucks for that? I specifically wrote that the problem is that you won't find many buyers if you already didn't have 1 buying the original at the same price. 

Add in the costs of work for getting those clients and ordering and mailing, and it's more hassle than profit.",hot-take
I'd love to make prints but wouldn't know where to begin.,reaction
"1.  Have art people want to buy.

1. Get buyers or put your artwork in a situation where people can see and buy it. (can do a pre-sale if you're worried about spending money)

3. Make the prints via a local print shop with a GOOD CLEAN scan or file. Google around to see where they are. Generally the same people who print flyers for companies and invites for parties will have a machine suitable. There are artists and print shops who do the same thing online. https://www.sixthleafclover.com/print.html and https://www.catprint.com/ are just a few. 

4. Decide how fancy you want to be while mailing and get supplies for that. The bare minimum would be rolls with some form of water proofing to protect the print while shipping.  

5. Write a little nice note or throw in a business card

6. ????

7. Profit",hot-take
"Prints are an excellent solution to a problem like that, for sure. Totally agree. 

I've had people want to buy an original painting and get shocked that its going to cost them a few hundred bucks. Then I offer quality print options and they become excited again. The originals don't sell as often as the prints but they do sell.",reaction
"Might be news but the human race doesn't have a hive-mind or collective consciousness, there are individual people expressing their thoughts and opinions. If one person says X, and another person says Y, there's no contradiction in the sense you're talking about it.

Artists will usually tell other artists to price up their work, and the average person prefers to buy cheap art. If there was nothing to buy under $20, they would still buy art, that's the idea behind what the artists say. On the other hand, sometimes you have to accept whatever you're offered, even if your work is worth 5-10 times that. This is a complex question.

Also, what the fuck is your problem?",hot-take
"While writing this post, I thought there might be contradictions, but I posted it anyway lol

my 'problem' has an obvious answer which is literally 'people don't wanna buy expensive stuff', and I knew that already

but I still felt free to rant about it.",reaction
"Fair enough. Yeah selling your stuff for a fair price is a difficult task at hand. 

I was offered an already problematic job (realizing someone else's design) this month and after their first offer I got literally and openly laughed at when I stated what I'd consider a fair price. First they started at 20% of what I had in mind and when I shared it then they told me that the maximum is 30% of that. So then I declined. On the other hand, on a meeting last week I stated my price and the reaction was ""um, ok, maybe we'll stretch the project through the next year then"" ... 

Point is, some people are willing or able to pay well/fairly, some aren't. Your job as an artist, like it or not, is to find the people who are. It's very annoying because that's not what we signed up for, but realizing this is what turns you from an amateur into a professional. And being actually able to do it turns you from being a starving artist into a successful artist.

So, for your own mental health, try to focus as little as possible on people who don't have the budget to pay you, they are wasted time and energy, and instead try to reach people who are worth your time. That second story's client I met directly through a previous client who I worked for, for 200% of the money I said would be fair to the person in the first story.",analysis
"That's very true, THANK YOU for sharing ;;;

It really is what you accept as payment as an artist - and you're right, we really are starving artists until we accept proper payment for our work. 

I post mainly because I want to rant, but I know that me putting my opinion out there will either give way to refuting opinions or people that agree, and either is good  to create a healthy discourse so I can understand my own opinion better by reacting to others. It's also super interesting LOLOL - so thank YOU for going so in-depth about your version of events.

Imo I don't focus on people who don't have the budget, I just try to make my work reach as many people as possible and see if it sticks. I have one consistent customer, who are also trying to make it big in a similar industry - so they pay me what they can, but also try to price it fairly because we both understand eachother (which I think is beautiful LOLOL, but that's removed from the business aspect). 

I've NEVER accepted a commission that I don't think sounds fair - and even now, it's just down to how I feel about the price. Even without calculating costs myself\*, it's down to if I feel comfortable spending that time on a piece that might or might not be fairly compensated, like e.g. doing it for a customer you like but you KNOW can't afford it etc. (maybe you know them personally and it's a one off).

I tend to look at other artists ' at my level ' and see how much they charge, but then again they could ALSO be underpricing, and my work is more illustrative than fine art (and the prints aren't large) so I probably wouldn't charge as much for my work. My dream is to do freelance and start working with companies for design projects (which I'm guessing is what you're doing haha).

\*( I mentioned this in another post, but about how the skill x materials x time model is complicated because practicing efficiency and finishing the work quicker because you've built up enough skill to paint/create more accurately and precisely, shouldn't necessarily mean the work is cheaper - because it means you're penalised for being efficient)",reaction
"I don't want to get too much into it because it gets arrogant and boastful very quickly, but my prices aren't based on anything, I just want as much as I can get, because I worked for about 2 decades now to be where I am, and personally I feel like I'm still nowhere near to be payed *well*, considering everything. 

And this is what motivates me. Not the money, but the dissatisfaction about the gap between what I think I'm worth and what I'm actually able to get. (This is just as much about, say, invitations to mural festivals as being payed well.) 

Truth is that I'm always one step ahead of myself in this sense, and trying to close this gap and immediately opening a new one is my process of growing and evolving into being a bigger artist.",reaction