Post ID,Type,Body Text
1c717tj,Main Post,"I have been undercharging my work and people are still furious because I'm ""charging too much"" ""not being honest (because smaller sizes are not as detailed as bigger and more expensive portraits)"" and ""click baiting them"" because I told them that I'm giving discounts on my most expensive works. I have given out free pet portraits to people who lost their pets. I have offered discounts, sold my work for as cheap as possible and people are still angry about every damn thing. I pay 10% of my earnings for currency conversion and PayPal, 12% tax and then there's shipment that I usually don't charge because people get furious about that too. What am I earning? Not even 20 bucks. It's not worth it. I think I'm going to stop painting altogether. "
1c717tj,Reply (Depth 0),"I know it can be easy to get into the habit of undercharging. I actually once sold an artwork for 1.3k and was really excited and proud of myself but as soon as the buyer bought he said flat out, “Your time is worth FIFTY DOLLARS AN HOUR. I STOLE that painting from you” so that I would realize I was actually STILL undercharging a little, as this particular drawing took me 67 hours and $400 in materials. I was definitely profiting far above minimum wage so I was happy anyway but… he wanted to teach me something as he’s a businessman who sells tuxedos for 2k each so probably this is a bad example. A better example would be when I sold a nearly photorealistic 18x24 for $50, which obviously sucked and I’m never doing THAT again"
1c717tj,Reply (Depth 0),“Sorry you can’t afford my work! Good luck!”
1c717tj,Reply (Depth 0),20 bucks and they are complaining?  Lol why let them waste your time?
1c717tj,Reply (Depth 0),"People will always whine. Stop listening to them. Being so cheap is attracting cheapskates. 

I see someone asked if you gave an Etsy shop- you should give that a try, not trying to get customers on Reddit which skews young."
1c717tj,Reply (Depth 0),"I agree with people who say your work is phenomenal. I've been making a living as an artist for over 50 years, and the art market keeps evolving...but people who can do what you do are always in demand. Follow dog-related events, join art associations and enter juried exhibits. Showing your work at fairs and festivals probably would not get you the kind of money you'll want, but it could be a start. Giving out your business card isn't enough. What you want is THIER info, so you can build your mailing list. Bring a guest book and ask people if they would like to be on your mailing list. For building your mailing list, you could even bring your supplies to a dog park (in an expensive neighborhood) and talk to people who come up to you. Then send out a regular mailing about your latest work, lessons and workshops you're offering (you can make good money on workshops..most artists make $3000 for a weekend workshop) use Mailchimp, it's free...squarespace has a free website template where you can sell things... you got this! Go for it!"
1c717tj,Reply (Depth 0),"If you charge what you're worth from the start you'll find less people will bother trying to take advantage. Stop doing free portraits (unless it's gifts for people you love). Say no. Just no. You are skilled. You will wind up overworking yourself for nothing. I charge $280 for my smallest pastel portraits. And I only bother with clients within my country. I get 50% non refundable before starting with the balance on completion. I don't get any complaints or people trying to scam. I assume because I'm very clear in my terms and don't stand for any shit. People aren't doing me a favour by hiring me. *I'm* doing them a favour by taking their commission. Yeah I still get nft requests and the ""draw my daughters dog for $300"" scammers but I don't give them any time. Immediately report and block. You have to stand up for yourself and your art or you'll keep getting treated like crap."
1c717tj,Reply (Depth 0),"You should raise your price at least twice as much as it's custom work or triple. That way you can work on promoting it like you are now and build up your reputation.   It seems like when you cheapen your pieces monetarily, you get cheap clients too."
1c717tj,Reply (Depth 0),"I have some thoughts for You that I wish I learned way earlier in my own career. 

Think more in terms of business. And depersonalize your art. If it works. Do more, if it doesn't. Do less. Make small bets, small projects that aren't the most time consuming. Bc time is your most important  resource.

It's important to find your niche. Seems like you have it, now you need to find who wants your work. 

I heard this on a business podcast - why do robbers rob banks? Because it's where all the money is. 

Go to where your audience is. And share the work. If they like it. The market will respond. If they don't. Adjust and try again. The example they gave was a girl that painted horses really well like really really good, and couldn't sell anything. Zero sales. 

A mentor told them to set up an easel and paint horses near this specific area. It was a trail head or something that horse riders frequent. People saw the paintings, and wanted to buy paintings of their horses. And she got a ton of commissions. 

Because A. People that own horses - have money, because horses are expensive. 
And B. they also want nice things especially if they relate to their expensive hobby. Surprise surprise. 

Find your audience.

I would suggest everyone here who's struggling with their art to watch this keynote speech by Seth Godin -  [Your Job is to make Art. ](https://m.youtube.com/watch?v=rdUeq09cGJ0) If you're paying attention, I think it will be some of the most rewarding 45 minutes you've spent on the Internet."
1c717tj,Reply (Depth 0),"You should look at someone like this and just build out exactly what she has. Insta. Squarespace. She clearly uses Insta as a central hub. 

https://www.instagram.com/jen_art

Stop giving art away to strangers."
1c717tj,Reply (Depth 0),"Your work is absolutely amazing! You’re definitely undercharging. Charge more and offer payment plans, I’ve learned that they work great."
1c717tj,Reply (Depth 0),I can't imagine selling anything handmade for 20 bucks. Then again I wouldn't expect to be able to buy anything for 20 bucks either. Are we speaking about digital art or something like oil on canvas?
1c717tj,Reply (Depth 0),"Stop selling yourself so cheap, it's a waste of time and an insult to yourself.

Your work is clearly at the level of a skilled professional so charge skilled professional prices, don't let others bully you into charging less. If people don't want to pay your rate that's a 'them' problem not a 'you' problem.

At an absolute minimum you should be charging $25 an hour, realistically I think at your skill level $30 or $35 an hour would make more sense.

  
Looking at your posting history I'm sure you must be fed up of people saying to charge more but you are very skilled artist asking for pocket money wages for high quality professional work."
1c717tj,Reply (Depth 0),"Charge more.

People are WILLING to pay for your work. Bitching about price is the barter game. It's just a game. Don't take it seriously or personally, as hard as that may be. You have emotion invested in your work. Your customers view your work as a product. When they complain, ignore it if you can, or deadpan ask them if they are taking a pass. Reply that you have other buyers who WILL pay your asking price.

And YES charge for shipping and handling. You are a professional whose time is in demand. 

With regards to time and money as a self employed person, you spend a third of your time doing the work, a third finding more work,  and a third trying to get paid for the work you have already done. And it is WAY more rewarding than trading your time to make money for someone else."
1c717tj,Reply (Depth 0),"Honestly, I think the answer is to charge even more. Completely scare away the people who think they can get art for cheap. That whole audience- people who try to find the lowest cost portrait- is not worth dealing with. Your work is gorgeous and is worth a higher price point. I sell a lot of originals, and I get fewer complaints the higher I go. It is a luxury item and it's ok to price it as such."
1c717tj,Reply (Depth 0),$300 minimum for your pet portraits. Your work is exceptional!
1c717tj,Reply (Depth 0),"I'm going to be a bit harsh here. You undervalue yourself, & you let your clients undervalue you, as well, and you want to quit, because of it. I'm sorry, but that just sounds so silly. Your work is incredible! You understand that you're undercharging your work, but to offer discounts, free work and to continue being so accommodating. It sounds like you're a very kind, understanding person and your heart is in the right place. 

Unfortunately, business can't always be so kind, as you are. A lot of people drop pleasantries with money and sometimes you'll end up with people who will take advantage of things like being able to lie about a shipment not making it to them for refunds. 

I'm sorry that you've attracted clients that don't value your work or you as a person. I personally would recommend drawing a boundary with your business. Stay firm on your decisions, draw crisp lines between what is acceptable business for you. If there's a reason for charging less (wanting to be affordable to people poorer), than fine, but *boundaries*! If it's a self confidence issue that you think you can't charge more, I think you have a bunch of artists already in this thread chiming in that you have the talent and you should charge more! Consider expanding where you do business, charging more for your work, and reevaluating boundaries. 

If you say ""the customer pays for shipping"" so be it. If you say, ""Pay me in my preferred currency"", so be it. You set the rules for your work, not the clients. They're not the ones running your business. It's okay to be a little more selfish and to be more confident that your pieces will sell at a higher price."
1c717tj,Reply (Depth 0),"One thing I had to really work on is accepting that the people around me who can't afford to pay my rates *aren't my customers* even if they *are my friends*. My customers are the people who don't have to complain to pay me what I need to make my work worthwhile. Once I figured that out, it was easier to see that the frustrations people expressed about my prices were actually just fronts for their own frustrations about not making enough money to buy the things they want."
1c717tj,Reply (Depth 0),"Your pet portraits are wonderful. You are definitely under charging. Have you tried Etsy?  Keep in mind that you need to factor in your time, cost of materials,  taxes, any fees,, and charge customers for shipping.  You are not obligated to do free portraits for those who have lost their pets. Unfortunately, people will take advantage if you let them."
1c717tj,Reply (Depth 0),"Your art is great! Don't undercharge yourself, I cannot even touch that amount of realism and if I could I'd charge much more based on time and skill alone.  Raise your prices, yeah you may lose some people but you'll gain more quality ones and heck, If push comes to shove if you can do a cat I might offer mine lol. Keep your head up, it's what you do after you realized you made a mistake that counts."
1c717tj,Reply (Depth 0),"So it's a really tricky one

Undercharging actually hurts other artists too, because it perpetuates the idea that art is cheap and easy when it's not.

The only way for us artists to get paid more is to ask for more. Though when starting out it IS hard."
1c717tj,Reply (Depth 0),"Ditch the cheapass clients and a LOT of that drama goes away.

Btw, one BIG thing a lot of people don't realize is that price itself is a huge part of your marketing and branding.

Cheap work attracts cheap shitty clients that think they can walk all over you. ""Premium"" priced work weeds out most of those shitty clients AND helps attract more premium clients because you've let them know your work is worth their money and premium clients don't want to buy cheap stuff."
1c717tj,Reply (Depth 0),"When selling art you have to look for signs that tell you if you're setting the prices well or not. If you get a good amount of traction but all they do is complain about the prices, and you find yourself not having the issue resolved by lowering the price, then you are usually taking the wrong action. Usually people who don't draw don't know how much work it goes into this craft, those will always conplain but people who have commissioned artists usually know it better and they just find someone in their price range. 

Set the price higher. Compare what people with similar skill to you charge and adjust the pricing accordingly.

Then you have to keep in mind this: If you get too many people interested, that's a sign that you should up the pricing. If your customer number is too low, you set it lower. But first and foremost, don't let your customers tell you what you should do; they are customers. The really bad ones will try to get what they want by any means, this includes lying to you or undervaluing your work because you will bend under the pressure and they get whay they want to have that way. Look at what other artists do, they have a similar experience and if they mean well they will give you good tips.

But that's not how art commissions work, you set a price and they have to deal with it because, well, art comissions aren't a necessity but a luxury to afford as you comission people who are qualified - that have a skill and give you a custom piece of art. Commissioned/custom pieces are supposed to be expensive, look at prices of custom cosplays, furniture and so on, the price will ALWAYS be much higher because the making is very time consuming and it requires skill. It's not a machine made copy, it's unique."
1c717tj,Reply (Depth 0),"Honestly,  if you stop under charging, you'll do better. You'll have less clients, but they will be the type of clients who respect what you do. 

Someone who gets a discount and still wants to say you are over charging,  or that they know how easy something is doesn't respect your work. If they don't respect it, they don't need to have it."
1c717tj,Reply (Depth 0),People complain about ai. But in my experience Artists undercharging (or undercutting) is what killed the commercial arts market. Some idiots always willing to do it for 'fun'.
1c717tj,Reply (Depth 1),"I was attacked in a Facebook art group for saying undercutting hurts all artists. I was told I have no talent and I was just jealous of the idiot who was trying to charge $10 for a pet portrait. She was enraged when I told her to charge what she's worth. There's no winning with some people. The more my prices go up, the more work I sell."
1c717tj,Reply (Depth 2),"Art groups are a waste of time unless you see people like James Gurney posting there. They don't, because they know it's a waste of time."
1c717tj,Reply (Depth 2),Espcially commercial stuff. Whe. Working for companies all they are doing is making someone else rich. This doing it for the pleasure is such pathetic BS. Are we told art is a worthless commodity or did we do it to ourselves!
1c717tj,Reply (Depth 0),"There is one thing about selling your work cheap, it's the same for a lot of things, not only art.
When you sell for cheap, with discount on top, you will attract a specific crowd. Its people that you describe. They will constantly complain, and b*tch about price, quality, whatever.
So its always a bad idea to underprice whatever you are selling. You want better clients, rise your prices. And tell anyone who says that its too much, to go and earn more money, or piss off."
1c717tj,Reply (Depth 0),Don’t stop. Just demand more money and do not listen to them. You gotta live. You need to earn money. Tell anyone to step off if they bitch. People will shame you into working fr free if you let them.
1c717tj,Reply (Depth 0),I just went and looked thru you profile — you are WAY undercharging my friend! I charge 125-175 for an ink pet portrait thats a lot less detailed than your work (and btwn 5-7 inches square) You’re underselling yourself at less than 200-250 tbh.
1c717tj,Reply (Depth 0),"Ignore them, they’re just nutters looking for something cheaper than what it’s worth. You get it in almost every business. Keep charging at what price you think is right for your current situation"
1c717tj,Reply (Depth 0),">What am I earning? Not even 20 bucks.

What are you doing lol? I just saw your paintings on your profile and you really undervalue yourself. 

It's your fault."
1c717tj,Reply (Depth 0),"It's simple for me. I set prices for which it won’t be difficult to part with the art. If people won't take my art for my price, I'd rather keep it for myself.

It's not that you have much more options than that, tbh. You can't force people to appreciate your art, unfortunately. Just limit interaction with those who does."
1c717tj,Reply (Depth 0),"Well stop doing that lol. Seriously, though, at your quality people will pay it.

  
Look at it this way: Right now it takes you 5 clients at $80 to gross $400.

It should only take you one client at your level. So if it takes you 5 times as long to find that one client, you still come out ahead due to shipping costs and the like."
1c717tj,Reply (Depth 0),"ALWAYS charge hourly, at least $25/hr minimum from your quality. You can probably get away with more.

I would absolutely not charge less than $300 for the quality of work that you do."
1c717tj,Reply (Depth 0),"If you charge like it's not worth much, of course it's going to attract clients who think it's not worth much. They're going to be entitled, exhausting pain in the ass-es. Your work is solid, and if you start charging like a professional you'll attract clients who will treat you like one."
1c717tj,Reply (Depth 0),"Hi! Your artwork is absolutely incredible. Can I suggest potentially setting up an Etsy shop? I think you'd have an easier time finding customers willing to pay your prices, which, by the way, are MORE than fair!"
1c717tj,Reply (Depth 0),"You are worth more than that. If you undercharge you're going to attract more people like that because they think they're entitled to art and that it has no value, so they'll seek out artists who are underestimating their value. If you charge a price that can earn you sustainable income and a fair amount per hour it takes you to complete your work, those toxic customers are going to be turned off because you know your value. Those kinda people are always gonna be an issue, but if you find your community and interact with other cool artists you'll be able to improve the quality of your average customer."
1c717tj,Reply (Depth 1),I have been taking commissions for years and haven't found quality customers yet. Is reddit not the place for quality customers? I don't have any idea where else to look.
1c717tj,Reply (Depth 2),"Fiverr is an option. (Note, you do not actually have to sell your work for five dollars)"
1c717tj,Reply (Depth 2),"I charge $550 for a 6” x 6” oil painting pet portrait. I only open my commissions 2-3 times a year and only have 2-5 spots available (depending on my schedule). They generally sell out within MINUTES of posting. When I started 5 years ago I charged $250 for the same thing, but my work has gotten a lot better and my prices have risen. 

I do NOT give away art! I simply can’t afford to and I don’t have the time to work for free. Giving away art trains your audience that they shouldn’t buy from you, just wait for a giveaway and hope for the best. 

Most of my buyers have come through Instagram and I’ve built a solid audience over the years. If people are complaining about your prices, just remove them as a follower or block them. They’re not going to do anything for you!

Edited to add: you should be charging SO MUCH MORE! Your work is phenomenal! I would increase your prices significantly and start an Instagram or TikTok page. You’ll find your audience eventually and people will start saving up to be able to afford you! Stop devaluing your own work!"
1c717tj,Reply (Depth 2),"Ah man. You’re doing soft pastel too- those materials are $$$$

Time to try another tactic to make people want to buy: explain your medium and why it is expensive (pure pigment, no oils, no yellowing, high archival life). Gives a perspective to the buyer that what they’re purchasing is equal to or superior to classic oil paintings. Often a challenge to overcome because oil is held in high regard.

Get yourself out there into real world markets. If you haven’t got a website, I suggest doing so. Your art is professional-level and deserves to be shown off and featured in a curated manner. Business cards- hand them out like they’re candy."
1c717tj,Reply (Depth 2),"I also do  pet portraits, and I’m sorry your clients so far have been so crappy, but if you’re only finding them on Reddit they might just be young. People are nuts about their pets, and they will pay WAY more than you are charging! I think you need to find local clients. Make a nice flyer for your pet portraits, and ask local vet offices if you can put it up. In exchange, offer to do a free portrait of the vet’s own pet.

To figure out your prices, when you do your next portrait, log how many hours it takes you. Pay yourself a living wage commensurate with your education, experience, and quality of work (please consider at least $30/hour). Then add the full cost of materials, shipping, conversion, tax, etc. The total is your new price. 

Standardize pricing based on size and subject matter (ie 11x17” with one dog is x price, adding an additional pet is y price, 18x24” is z price, etc).

But seriously, try to find local clients, or set up a nice Etsy shop and advertise it on Instagram (be sure to build the Etsy fees into your prices). It sounds like you’re dealing with dummies online who have no idea what art is worth, and you’re selling yourself short. People with money will pay for good art."
1c717tj,Reply (Depth 2),"Reddit is like the worst possible place, Twitter, Tumblr, Instagram, and irl stuff are good places, I would recommend being on as many platforms as possible, and consistently posting art and talking with other artists and creators a little bit every day on those platforms"
1c717tj,Reply (Depth 2),"You definitely need to be on Instagram, your quality of work is insane."
1c717tj,Reply (Depth 2),"Ask an Artist podcast will sort you out, start with the first episodes that talk business, pricing, competitions, art fairs."
1c717tj,Reply (Depth 2),"Real life markets! Have you tried setting up a booth in dog festivals or any events related to pets? Pet owners would pay big money for a hand painting portrait of their fur babies. I saw your portrait works and I think the right people would definitely commission you for a fair price.

Edit: if you do set up a booth in real life markets, it's really helpful if you also have business cards ready so people can always contact you for business."
1c717tj,Reply (Depth 3),"Honestly, if you’re looking for another avenue to sell your art, going to a furry convention’s dealer den may be a good idea! I took a look at your page and your paintings are so lifelike, it’s stunning! I’m confident that other furries would pay good money for your work, and if I had money, I would too ~w~

(Also I know that I’m replying to another person in the comment chain, does OP get a notif too?)"
1c717tj,Reply (Depth 4),"office jellyfish offer dinner bake ring quack dependent cause beneficial

 *This post was mass deleted and anonymized with [Redact](https://redact.dev/home)*"
